<ImportExportXml xmlns:xsi="http://www.w3.org/2001/XMLSchema-instance">
  <Entities></Entities>
  <Roles></Roles>
  <Workflows></Workflows>
  <FieldSecurityProfiles></FieldSecurityProfiles>
  <Templates />
  <EntityMaps />
  <EntityRelationships />
  <OrganizationSettings />
  <optionsets />
  <CustomControls />
  <EntityDataProviders />
  <CanvasApps>
    <CanvasApp>
      <Name>svcflow_newvendorsetupnonpo_be4e3</Name>
      <AppVersion>2023-11-07T17:18:31Z</AppVersion>
      <Status>Ready</Status>
      <CreatedByClientVersion>3.23102.20.0</CreatedByClientVersion>
      <MinClientVersion>3.23102.20.0</MinClientVersion>
      <Tags>{"primaryDeviceWidth":"1911","primaryDeviceHeight":"809","supportsPortrait":"true","supportsLandscape":"true","primaryFormFactor":"Tablet","showStatusBar":"false","publisherVersion":"3.23102.20","minimumRequiredApiVersion":"2.2.0","hasComponent":"false","hasUnlockedComponent":"false","isUnifiedRootApp":"false","sienaVersion":"20231106T200445Z-3.23102.20.0"}</Tags>
      <IsCdsUpgraded>0</IsCdsUpgraded>
      <GalleryItemId xsi:nil="true"></GalleryItemId>
      <BackgroundColor>rgba(36, 36, 36, 1)</BackgroundColor>
      <DisplayName>New Vendor Setup (NON-PO)</DisplayName>
      <Description>Added authorized user check</Description>
      <CommitMessage xsi:nil="true"></CommitMessage>
      <Publisher xsi:nil="true"></Publisher>
      <AuthorizationReferences>[]</AuthorizationReferences>
      <ConnectionReferences>{"703619f1-4b00-456e-b562-f0e686538878":{"id":"/providers/microsoft.powerapps/apis/shared_sharepointonline","displayName":"SharePoint","iconUri":"https://connectoricons-prod.azureedge.net/releases/v1.0.1664/1.0.1664.3477/sharepointonline/icon.png","dataSources":["New Vendor Setup (NON-PO)","Business Units","Countries","Payment Terms","Supplier Type","Payment Methods","MDO Users","Controllers","Administrators"],"dependencies":[],"dependents":[],"parameterHints":{},"parameterHintsV2":{},"isOnPremiseConnection":false,"bypassConsent":false,"dataSets":{"https://amermhpsteam.sharepoint.com/sites/NGSSourcing-Test":{"dataSources":{"New Vendor Setup (NON-PO)":{"tableName":"729b8fc3-96f5-46fb-9856-2e81d0ccbb8d"},"Business Units":{"tableName":"ed352fab-0d14-42d8-8652-35839d464003"},"Countries":{"tableName":"3b430466-705c-47c6-8ef0-56f1e1126906"},"Payment Terms":{"tableName":"6166dca1-b797-4220-9531-d97374935e05"},"Supplier Type":{"tableName":"da5243b2-2fc2-4ae2-a91a-498e3874b872"},"Payment Methods":{"tableName":"93582439-3412-410a-945d-ee3aa3e38494"},"MDO Users":{"tableName":"6729339c-0061-4534-b79a-c6e47a006c34"},"Controllers":{"tableName":"3c2d63cf-6364-460d-b74e-cd756dcf5ee7"},"Administrators":{"tableName":"04d57d95-1082-4f65-b260-2bd0f492e103"}}}},"apiTier":"Standard","actions":["providers/PowerPlatform.Governance/Operations/Read","providers/PowerPlatform.Governance/Operations/Write"]}}</ConnectionReferences>
      <DatabaseReferences>{}</DatabaseReferences>
      <AppComponents>[]</AppComponents>
      <AppComponentDependencies>[]</AppComponentDependencies>
      <CanConsumeAppPass>1</CanConsumeAppPass>
      <CanvasAppType>0</CanvasAppType>
      <BypassConsent>0</BypassConsent>
      <AdminControlBypassConsent>0</AdminControlBypassConsent>
      <EmbeddedApp xsi:nil="true"></EmbeddedApp>
      <IntroducedVersion>1.0</IntroducedVersion>
      <CdsDependencies>{"cdsdependencies":[]}</CdsDependencies>
      <IsCustomizable>1</IsCustomizable>
      <BackgroundImageUri>/CanvasApps/svcflow_newvendorsetupnonpo_be4e3_BackgroundImageUri</BackgroundImageUri>
      <DocumentUri>/CanvasApps/svcflow_newvendorsetupnonpo_be4e3_DocumentUri.msapp</DocumentUri>
    </CanvasApp>
  </CanvasApps>
  <Languages>
    <Language>1033</Language>
  </Languages>
</ImportExportXml>