{"schemaVersion":"1.0","appDefinitionTemplate":{"id":"/providers/Microsoft.PowerApps/apps/","type":"Microsoft.PowerApps/apps","tags":{"primaryDeviceWidth":"1911","primaryDeviceHeight":"809","supportsPortrait":"true","supportsLandscape":"true","primaryFormFactor":"Tablet","showStatusBar":"false","publisherVersion":"3.23102.20","minimumRequiredApiVersion":"2.2.0","hasComponent":"false","hasUnlockedComponent":"false","isUnifiedRootApp":"false","sienaVersion":"20231107T171831Z-3.23102.20.0"},"properties":{"appVersion":"2023-11-07T17:18:31Z","lifeCycleId":"Published","createdByClientVersion":{"major":3,"minor":23102,"build":20,"revision":0,"majorRevision":0,"minorRevision":0},"minClientVersion":{"major":3,"minor":23102,"build":20,"revision":0,"majorRevision":0,"minorRevision":0},"backgroundColor":"rgba(36, 36, 36, 1)","backgroundImageUri":"/11028103834655063199/N04198df2-f1bd-499a-95a8-6da4259743a0-logoSmallFile","displayName":"New Vendor Setup (NON-PO)","description":"Added authorized user check","commitMessage":"","appUris":{"documentUri":{"value":"/11028103834655063199/N724cec7a-90c4-4fcc-b12a-5b0c6d484833-document.msapp"},"imageUris":[],"additionalUris":[]},"createdTime":"0001-01-01T00:00:00Z","lastModifiedTime":"0001-01-01T00:00:00Z","sharedGroupsCount":0,"sharedUsersCount":0,"connectionReferences":{"703619f1-4b00-456e-b562-f0e686538878":{"id":"eb18b63e-408a-47fc-a926-7a81a9a78c02","displayName":"SharePoint","iconUri":"https://connectoricons-prod.azureedge.net/releases/v1.0.1664/1.0.1664.3477/sharepointonline/icon.png","dataSources":["New Vendor Setup (NON-PO)","Business Units","Countries","Payment Terms","Supplier Type","Payment Methods","MDO Users","Controllers","Administrators"],"dependencies":[],"dependents":[],"parameterHints":{},"parameterHintsV2":{},"isOnPremiseConnection":false,"bypassConsent":false,"dataSets":{"https://amermhpsteam.sharepoint.com/sites/NGSSourcing-Test":{"dataSources":{"New Vendor Setup (NON-PO)":{"tableName":"729b8fc3-96f5-46fb-9856-2e81d0ccbb8d"},"Business Units":{"tableName":"ed352fab-0d14-42d8-8652-35839d464003"},"Countries":{"tableName":"3b430466-705c-47c6-8ef0-56f1e1126906"},"Payment Terms":{"tableName":"6166dca1-b797-4220-9531-d97374935e05"},"Supplier Type":{"tableName":"da5243b2-2fc2-4ae2-a91a-498e3874b872"},"Payment Methods":{"tableName":"93582439-3412-410a-945d-ee3aa3e38494"},"MDO Users":{"tableName":"6729339c-0061-4534-b79a-c6e47a006c34"},"Controllers":{"tableName":"3c2d63cf-6364-460d-b74e-cd756dcf5ee7"},"Administrators":{"tableName":"04d57d95-1082-4f65-b260-2bd0f492e103"}}}},"apiTier":"Standard","isCustomApiConnection":false,"actions":["providers/PowerPlatform.Governance/Operations/Read","providers/PowerPlatform.Governance/Operations/Write"]}},"databaseReferences":{},"almMode":"Solution","performanceOptimizationEnabled":true,"canConsumeAppPass":true,"enableModernRuntimeMode":false,"executionRestrictions":{"isTeamsOnly":false,"dataLossPreventionEvaluationResult":{"status":"Compliant","lastEvaluationDate":"2023-10-25T16:51:47.660695Z","violations":[],"violationsByPolicy":[],"violationErrorMessage":"The app uses the following connectors: shared_sharepointonline."}}},"appType":"ClassicCanvasApp","appComponents":[]}}